<?xml version="1.0" encoding="UTF-8"?>
<!DOCTYPE mapper PUBLIC "-//mybatis.org//DTD Mapper 3.0//EN"
"http://mybatis.org/dtd/mybatis-3-mapper.dtd">
<mapper namespace="com.green.university.repository.interfaces.DepartmentRepository">
<!--	<insert id="insert">-->
<!--		insert into department_tb (name, college_id)-->
<!--		values(#{name}, #{collegeId})-->
<!--	</insert>-->

<!--	<select id="selectById" resultType="com.green.university.repository.model.Department">-->
<!--		SELECT * FROM department_tb WHERE id = #{id}-->
<!--	</select>-->

<!--	<select id="selectByDepartmentDto" resultType="com.green.university.repository.model.Department">-->
<!--		SELECT * FROM department_tb-->
<!--	</select>-->
<!--	<delete id="deleteById">-->
<!--		delete from department_tb where id = #{id}-->
<!--	</delete>-->
<!--	<update id="updateByDepartmentDto">-->
<!--		UPDATE department_tb-->
<!--		SET name = #{name}-->
<!--		WHERE id = #{id};-->
<!--	</update>-->

</mapper>